"","CNV","sex","estimate","se","ci_lower","ci_upper","z","p"
"1","13q12.12_DUP","male","-0.175737277068033","0.110507502866816","-0.392331982686992","0.0408574285509259","-1.59027461945125","0.111775585121561"
"2","13q12.12_DUP","female","-0.157313416550436","0.0985777640956617","-0.350525834177933","0.0358990010770614","-1.5958306418654","0.110528913943383"
"3","15q13.3_inclCHRNA7_DEL","male","0.103662712009267","0.245650647043119","-0.377812556195246","0.585137980213779","0.421992424025942","0.673031312927883"
"4","15q13.3_inclCHRNA7_DEL","female","0.0336096585468379","0.226405929594306","-0.410145963458002","0.477365280551677","0.148448667431381","0.881988912681221"
"5","15q13.3_inclCHRNA7_DUP","male","-0.212275690056805","0.0968065256225541","-0.402016480277011","-0.022534899836599","-2.1927828593339","0.0283249647095002"
"6","15q13.3_inclCHRNA7_DUP","female","-0.321386370749755","0.11020269190695","-0.537383646887377","-0.105389094612133","-2.91632051076501","0.00354243811498923"
"7","16p11.2_distal_DUP","male","-0.405548464618226","0.157137960520714","-0.713538867238825","-0.097558061997626","-2.58084337657396","0.00985711959175212"
"8","16p11.2_distal_DUP","female","-0.429159214373316","0.126142661838535","-0.676398831576844","-0.181919597169788","-3.40217344487822","0.000668712730601936"
"9","16p11.2_proximal_DEL","male","-1.43109318940708","0.147351415265148","-1.71990196332677","-1.14228441548739","-9.71211024225277","2.72914973034663e-22"
"10","16p11.2_proximal_DEL","female","-1.04951863121679","0.148205990518125","-1.34000237263232","-0.759034889801264","-7.08148589370573","1.4329790145652e-12"
"11","16p11.2_proximal_DUP","male","0.467462723030636","0.139231580274695","0.194568825692234","0.740356620369038","3.35744751376349","0.000786904195322551"
"12","16p11.2_proximal_DUP","female","0.304067233786145","0.122988063970897","0.0630106284031864","0.545123839169104","2.47233124881205","0.0134247107803594"
"13","16p12.1_BP1_BP2_DEL","male","-0.0148321645627732","0.0592703223741188","-0.131001996416046","0.1013376672905","-0.250246058544298","0.802397502401034"
"14","16p12.1_BP1_BP2_DEL","female","0.00748139570816344","0.0508309351047167","-0.0921472370970813","0.107110028513408","0.147181941326695","0.882988630421152"
"15","16p12.1_BP1_BP2_DUP","male","0.0746735904626093","0.184271510085189","-0.28649856930436","0.435845750229579","0.405236764099278","0.685304215281149"
"16","16p12.1_BP1_BP2_DUP","female","-0.020423809161455","0.162375611220095","-0.338680007152841","0.297832388829931","-0.125781261163483","0.899905259733062"
"17","16p12.1_BP2_BP3_DEL","male","-0.370845747085175","0.105314478881328","-0.577262125692577","-0.164429368477773","-3.52131778103425","0.000429568942839389"
"18","16p12.1_BP2_BP3_DEL","female","-0.311643141468208","0.0903904469479807","-0.48880841748625","-0.134477865450166","-3.44774422509004","0.000565458580470407"
"19","16p12.1_BP2_BP3_DUP","male","-0.0449167961697686","0.115831653670522","-0.271946837363992","0.182113245024455","-0.387776525210737","0.698182115658883"
"20","16p12.1_BP2_BP3_DUP","female","0.089562686460848","0.106755219029051","-0.119677542836092","0.298802915757788","0.838953704328736","0.401496751445532"
"21","16p13.11_BP1_BP2_DEL","male","-0.244942856848308","0.164798175719015","-0.567947281257577","0.0780615675609617","-1.48632019607997","0.137197108122385"
"22","16p13.11_BP1_BP2_DEL","female","-0.0509107936445868","0.127245824390733","-0.300312609450424","0.198491022161251","-0.400097951255793","0.689084996233929"
"23","16p13.11_BP1_BP2_DUP","male","-0.196314313129622","0.0662450651829787","-0.32615464088826","-0.0664739853709838","-2.96345565646849","0.00304266351976123"
"24","16p13.11_BP1_BP2_DUP","female","-0.0481431450472285","0.0585110319137543","-0.162824767598187","0.06653847750373","-0.822804580137843","0.410620562140293"
"25","16p13.11_BP1_BP3_DUP","male","0.155552411512173","0.123714959412172","-0.0869289089356855","0.398033731960031","1.25734520911032","0.208631138545909"
"26","16p13.11_BP1_BP3_DUP","female","0.0583604505450626","0.116504808126836","-0.169988973383536","0.286709874473661","0.500927399335546","0.616423022470528"
"27","17p12_DEL","male","-0.0373586870949472","0.109889198260993","-0.252741515686494","0.1780241414966","-0.339966872869689","0.733882077931474"
"28","17p12_DEL","female","-0.115000991638848","0.0960791179069512","-0.303316062736473","0.0733140794587759","-1.1969405438362","0.231331798624955"
"29","17p12_DUP","male","-0.446871825878757","0.145953050983186","-0.7329398058058","-0.160803845951713","-3.06175049352163","0.00220096060183073"
"30","17p12_DUP","female","-0.512278525157617","0.133220567489391","-0.773390837436823","-0.251166212878411","-3.84534111220036","0.000120439184340541"
"31","17q12_DUP","male","-0.193247587024855","0.147408733706883","-0.482168705090345","0.0956735310406355","-1.31096429746911","0.189872366905182"
"32","17q12_DUP","female","-0.27772418294523","0.157939540580923","-0.587285682483838","0.0318373165933786","-1.75842086106952","0.0786781561109889"
"33","1q21.1_DEL","male","-0.990692971165513","0.166879572561628","-1.3177769333863","-0.663609008944721","-5.93657423708735","2.91845686021819e-09"
"34","1q21.1_DEL","female","-0.87240650120969","0.134498799486931","-1.13602414820407","-0.608788854215306","-6.48635158482929","8.82373452723701e-11"
"35","1q21.1_DUP","male","0.222114119926738","0.120352787643339","-0.0137773438542072","0.458005583707683","1.84552534491319","0.0649636486185435"
"36","1q21.1_DUP","female","0.21758617094586","0.0980514607002362","0.0254053079733975","0.409767033918323","2.21910177973857","0.0264814308937557"
"37","1q21.1_TAR_BP1_BP2_DEL","male","0.114351209869101","0.124594350016428","-0.129853716163097","0.3585561359013","0.917788084724741","0.358731689776489"
"38","1q21.1_TAR_BP1_BP2_DEL","female","-0.0590556522517749","0.0996333702657727","-0.254337057972689","0.13622575346914","-0.592729645642253","0.553363075306614"
"39","1q21.1_TAR_BP1_BP2_DUP","male","-0.419811303189967","0.31423188441455","-1.03570579664249","0.196083190262551","-1.33599206195171","0.181554433987973"
"40","1q21.1_TAR_BP1_BP2_DUP","female","0.218784509016729","0.289607077699684","-0.348845363274653","0.78641438130811","0.755452907969338","0.449978575257955"
"41","1q21.1_TAR_BP1_BP3_DUP","male","-0.011340085827716","0.088443226059034","-0.184688808903423","0.162008637247991","-0.128218817121695","0.897976026693661"
"42","1q21.1_TAR_BP1_BP3_DUP","female","0.078684141273256","0.0849351208672745","-0.087788695626602","0.245156978173114","0.926402888108128","0.354238273774595"
"43","1q21.1_TAR_BP2_BP3_DUP","male","-0.32750811565455","0.164801502567569","-0.650519060686986","-0.00449717062211508","-1.98728840788494","0.046892744130339"
"44","1q21.1_TAR_BP2_BP3_DUP","female","0.0610387257052143","0.148229811159364","-0.229491704167138","0.351569155577567","0.411784412513289","0.680498090848032"
"45","22q11.2_BP1_BP2_A_B_DUP","male","-0.511962176050936","0.278527940065194","-1.05787693857872","0.0339525864768437","-1.8380998901981","0.0660501894096171"
"46","22q11.2_BP1_BP2_A_B_DUP","female","-0.347118501199659","0.266398025041667","-0.869258630281325","0.175021627882008","-1.30300703672772","0.19257454667227"
"47","22q11.2_BP1_BP4_A_D_DUP","male","-0.348550279699265","0.101263465198223","-0.547026671487781","-0.150073887910748","-3.44201414613829","0.000577599247760187"
"48","22q11.2_BP1_BP4_A_D_DUP","female","-0.264670728196453","0.0946725649079505","-0.450228955416036","-0.0791125009768696","-2.79564336778865","0.00518037212997213"
"49","22q11.2_BP2_BP4_B_D_DUP","male","0.313642617503476","0.166895604354559","-0.0134727670314596","0.640758002038412","1.87927428476284","0.060209503507002"
"50","22q11.2_BP2_BP4_B_D_DUP","female","0.219465641722489","0.148227004283048","-0.0710592866722856","0.509990570117263","1.48060498681742","0.138714162704185"
"51","22q11.2_BP3_BP4_C_D_DUP","male","0.107351895270965","0.1165496825454","-0.121085482518019","0.33578927305995","0.921082691316195","0.357009131671053"
"52","22q11.2_BP3_BP4_C_D_DUP","female","0.303579960022731","0.108777416964081","0.0903762227731333","0.516783697272329","2.79083626450678","0.0052579321044669"
"53","22q11.2_BP6_BP8_F_H_DUP","male","-0.229471845443897","0.133466337464866","-0.491065866875034","0.0321221759872402","-1.71932376210072","0.0855580474548829"
"54","22q11.2_BP6_BP8_F_H_DUP","female","-0.0483431779974321","0.0965688698204912","-0.237618162845595","0.140931806850731","-0.500608302523326","0.616647621409661"
"55","22q13_DEL","male","0.433052257046817","0.20058185903522","0.039911813337785","0.826192700755848","2.15898017462674","0.0308537059934905"
"56","22q13_DEL","female","-0.239858770804009","0.178378874006032","-0.589481363855832","0.109763822247814","-1.34465906986215","0.17873758172005"
"57","2q13_NPHP1_DEL","male","-0.0289512204327471","0.0345864935753874","-0.0967407478405064","0.0388383069750122","-0.837067231740123","0.402556466548001"
"58","2q13_NPHP1_DEL","female","0.00273373285268738","0.0291029834115961","-0.0543081146340409","0.0597755803394157","0.0939330794381075","0.925162453615426"
"59","2q13_NPHP1_DUP","male","0.0500057429288373","0.0545589892790571","-0.0569298760581146","0.156941361915789","0.916544525285632","0.359383230900478"
"60","2q13_NPHP1_DUP","female","0.0825073854821345","0.0471077629684096","-0.00982382993594828","0.174838600900217","1.7514604872548","0.0798688567205823"
