"","locus","count","estimate","se","ci_lower","ci_upper","z","p"
"1","13q12.12_DUP","184","0.82086205557001","0.125528879189962","0.574825452357684","1.06689865878234","6.53922874853207","6.9538158588271e-10"
"2","15q11.2_BP1_BP2_CYFIP_DEL","0","0","0","0","0","0","0"
"3","15q11.2_BP1_BP2_CYFIP_DUP","0","0","0","0","0","0","0"
"4","15q13.3_inclCHRNA7_DEL","36","1.07305178423924","0.265377838484358","0.552911220809899","1.59319234766858","4.04348678988313","0.000542464822499457"
"5","15q13.3_inclCHRNA7_DUP","192","0.686345518260374","0.118590412910665","0.45390830895547","0.918782727565277","5.78752954319673","3.16124652427079e-08"
"6","16p11.2_distal_DUP","103","0.877964170999255","0.165372949018778","0.553833190922451","1.20209515107606","5.30899506968073","8.17766435727299e-07"
"7","16p11.2_proximal_DEL","92","0.77698420449696","0.13898087594335","0.504581687647994","1.04938672134593","5.59058359089394","3.20739580604228e-07"
"8","16p11.2_proximal_DUP","119","0.546510125066914","0.138288285156859","0.27546508615947","0.817555163974358","3.95196255739965","0.000142267314376842"
"9","16p12.1_BP1_BP2_DEL","668","0.770309274480399","0.0544184650060993","0.663649083068444","0.876969465892353","14.1552922228523","7.23191146061767e-40"
"10","16p12.1_BP1_BP2_DUP","65","0.853159341851064","0.1935306559946","0.473839256101648","1.23247942760048","4.40839378891409","5.38066933444163e-05"
"11","16p12.1_BP2_BP3_DEL","209","0.944849717894687","0.103860259086484","0.741283610085179","1.14841582570419","9.09731716640451","1.08302394063761e-16"
"12","16p12.1_BP2_BP3_DUP","159","1.16702001867437","0.138113391381427","0.89631777156677","1.43772226578196","8.44972386096446","2.81078164597312e-14"
"13","16p13.11_BP1_BP2_DEL","97","0.665835007315634","0.188603056983374","0.29617301562822","1.03549699900305","3.53035108743931","0.000680066342898934"
"14","16p13.11_BP1_BP2_DUP","519","0.724154886210608","0.0645664937676825","0.597604558425951","0.850705213995266","11.2156452047125","3.28895197728766e-26"
"15","16p13.11_BP1_BP3_DUP","139","0.748283143244859","0.139443207565982","0.474974456415534","1.02159183007418","5.36622153424565","3.76190218536856e-07"
"16","17p12_DEL","190","0.765846070739849","0.107621348938713","0.554908226819971","0.976783914659726","7.1161166282721","2.70104750281862e-11"
"17","17p12_DUP","103","0.798683565856575","0.192487081543334","0.421408886031639","1.17595824568151","4.14928399065975","7.80948622304043e-05"
"18","17q12_DUP","86","0.591144759683454","0.180486765993993","0.237390698335228","0.944898821031681","3.27528035879998","0.00162486554331346"
"19","1q21.1_DEL","89","0.612339825074055","0.169115055111081","0.280874317056335","0.943805333091774","3.62084750332752","0.000530978811202426"
"20","1q21.1_DUP","171","1.08782111554407","0.121904883043035","0.848887544779717","1.32675468630841","8.92352372103126","1.11767131832753e-15"
"21","1q21.1_TAR_BP1_BP2_DEL","159","0.842377539200805","0.120310502473231","0.606568954353273","1.07818612404834","7.00169579449837","8.72147970328709e-11"
"22","1q21.1_TAR_BP1_BP2_DUP","21","0.310399188122192","0.409982489800056","-0.493166491885918","1.1139648681303","0.757103524771437","0.473696232531391"
"23","1q21.1_TAR_BP1_BP3_DUP","204","0.75441097660958","0.105721714845343","0.547196415512708","0.961625537706453","7.13581857533417","1.97288848238133e-11"
"24","1q21.1_TAR_BP2_BP3_DUP","72","0.673233218933427","0.190870927068375","0.299126201879413","1.04734023598744","3.52716481904161","0.000828611748603847"
"25","22q11.2_BP1_BP2_A_B_DUP","27","1.47045619843129","0.495524380727089","0.499228412206192","2.44168398465638","2.96747497322668","0.0108995953903172"
"26","22q11.2_BP1_BP4_A_D_DUP","209","0.667959221083745","0.10081995797812","0.47035210344663","0.865566338720859","6.62526779894819","3.29836174396746e-10"
"27","22q11.2_BP2_BP4_B_D_DUP","80","1.2223043076211","0.17013757007326","0.888834670277514","1.55577394496469","7.18421161824979","7.61172503972216e-10"
"28","22q11.2_BP3_BP4_C_D_DUP","75","0.934002594722967","0.158956941960593","0.622446988480204","1.24555820096573","5.87582135893451","1.97886781712855e-07"
"29","22q11.2_BP6_BP8_F_H_DUP","157","0.847478430666844","0.108767396918685","0.634294332706222","1.06066252862747","7.79165866496213","1.23523129161574e-12"
"30","22q13_DEL","56","0.915410414579261","0.223578071172502","0.477197395081158","1.35362343407736","4.09436582835969","0.000188361225145442"
"31","2q13_NPHP1_DEL","1992","0.863378916886438","0.0327462100222125","0.799196345242901","0.927561488529974","26.3657661848742","1.56937375321981e-131"
"32","2q13_NPHP1_DUP","772","0.733751716577188","0.0482255863365862","0.63922956735748","0.828273865796897","15.2149879828528","8.36723171489929e-46"
